{
  "best_epoch": 0,
  "peak_cpu_memory_MB": 3207.716,
  "peak_gpu_0_memory_MB": 6581,
  "peak_gpu_1_memory_MB": 1990,
  "training_duration": "0:00:20.474481",
  "training_start_epoch": 0,
  "training_epochs": 0,
  "epoch": 0,
  "training_precision": 0.06100506957912286,
  "training_recall": 0.034006638217164535,
  "training_f1": 0.04366993034239644,
  "training_loss": 0.7552847981207655,
  "training_cpu_memory_MB": 3207.716,
  "training_gpu_0_memory_MB": 6581,
  "training_gpu_1_memory_MB": 1990,
  "validation_precision": 0.12097654118930715,
  "validation_recall": 0.14099507232554442,
  "validation_f1": 0.13022094986415056,
  "validation_loss": 0.4220628728469213,
  "best_validation_precision": 0.12097654118930715,
  "best_validation_recall": 0.14099507232554442,
  "best_validation_f1": 0.13022094986415056,
  "best_validation_loss": 0.4220628728469213
}