{
  "best_epoch": 10,
  "peak_cpu_memory_MB": 3279.364,
  "peak_gpu_0_memory_MB": 6581,
  "peak_gpu_1_memory_MB": 2768,
  "training_duration": "0:03:30.544509",
  "training_start_epoch": 0,
  "training_epochs": 11,
  "epoch": 11,
  "training_precision": 0.7856725405118214,
  "training_recall": 0.8414035087719298,
  "training_f1": 0.8125835699239358,
  "training_loss": 0.04400337817446317,
  "training_cpu_memory_MB": 3279.364,
  "training_gpu_0_memory_MB": 6581,
  "training_gpu_1_memory_MB": 2768,
  "validation_precision": 0.7262676886792453,
  "validation_recall": 0.7831823239548561,
  "validation_f1": 0.7536520076481336,
  "validation_loss": 0.11741402770082156,
  "best_validation_precision": 0.7291266440076843,
  "best_validation_recall": 0.7842950246383723,
  "best_validation_f1": 0.755705314749529,
  "best_validation_loss": 0.11927607432007789
}