{
  "best_epoch": 5,
  "peak_cpu_memory_MB": 3278.964,
  "peak_gpu_0_memory_MB": 6581,
  "peak_gpu_1_memory_MB": 2768,
  "training_duration": "0:01:46.110605",
  "training_start_epoch": 0,
  "training_epochs": 5,
  "epoch": 5,
  "training_precision": 0.6796649134417778,
  "training_recall": 0.7401612138454243,
  "training_f1": 0.7086242430294662,
  "training_loss": 0.09276640538601473,
  "training_cpu_memory_MB": 3278.964,
  "training_gpu_0_memory_MB": 6581,
  "training_gpu_1_memory_MB": 2768,
  "validation_precision": 0.6600273681009579,
  "validation_recall": 0.6900333810205055,
  "validation_f1": 0.6746969225986446,
  "validation_loss": 0.13011637851595878,
  "best_validation_precision": 0.6600273681009579,
  "best_validation_recall": 0.6900333810205055,
  "best_validation_f1": 0.6746969225986446,
  "best_validation_loss": 0.13011637851595878
}