{
  "best_epoch": 23,
  "peak_cpu_memory_MB": 3279.396,
  "peak_gpu_0_memory_MB": 6581,
  "peak_gpu_1_memory_MB": 2768,
  "training_duration": "0:07:17.450197",
  "training_start_epoch": 0,
  "training_epochs": 24,
  "epoch": 24,
  "training_precision": 0.9175551995285711,
  "training_recall": 0.9450165955429113,
  "training_f1": 0.9310834547968255,
  "training_loss": 0.010175007551984187,
  "training_cpu_memory_MB": 3279.396,
  "training_gpu_0_memory_MB": 6581,
  "training_gpu_1_memory_MB": 2768,
  "validation_precision": 0.7643908969210174,
  "validation_recall": 0.8168812589413448,
  "validation_f1": 0.789764868602993,
  "validation_loss": 0.14912302556137244,
  "best_validation_precision": 0.7551819104218003,
  "best_validation_recall": 0.8281672230170084,
  "best_validation_f1": 0.789992418498813,
  "best_validation_loss": 0.14190816804766654
}