{
  "best_epoch": 15,
  "peak_cpu_memory_MB": 3279.384,
  "peak_gpu_0_memory_MB": 6581,
  "peak_gpu_1_memory_MB": 2768,
  "training_duration": "0:04:56.595437",
  "training_start_epoch": 0,
  "training_epochs": 16,
  "epoch": 16,
  "training_precision": 0.8462452514268225,
  "training_recall": 0.8914746325272641,
  "training_f1": 0.8682713267077492,
  "training_loss": 0.02559043960492491,
  "training_cpu_memory_MB": 3279.384,
  "training_gpu_0_memory_MB": 6581,
  "training_gpu_1_memory_MB": 2768,
  "validation_precision": 0.7457451531744858,
  "validation_recall": 0.8009855348911142,
  "validation_f1": 0.7723789086449532,
  "validation_loss": 0.12506448129812878,
  "best_validation_precision": 0.7479662771779323,
  "best_validation_recall": 0.8038467652201557,
  "best_validation_f1": 0.7749003984063245,
  "best_validation_loss": 0.12211570690075556
}