{
  "best_epoch": 28,
  "peak_cpu_memory_MB": 3279.396,
  "peak_gpu_0_memory_MB": 6581,
  "peak_gpu_1_memory_MB": 2768,
  "training_duration": "0:08:46.428336",
  "training_start_epoch": 0,
  "training_epochs": 29,
  "epoch": 29,
  "training_precision": 0.9587906437559598,
  "training_recall": 0.972574679943101,
  "training_f1": 0.9656334739378831,
  "training_loss": 0.004650992065092736,
  "training_cpu_memory_MB": 3279.396,
  "training_gpu_0_memory_MB": 6581,
  "training_gpu_1_memory_MB": 2768,
  "validation_precision": 0.7736240913811008,
  "validation_recall": 0.8289620092195199,
  "validation_f1": 0.8003376304480778,
  "validation_loss": 0.16840998729070028,
  "best_validation_precision": 0.7719941348973607,
  "best_validation_recall": 0.8369098712446352,
  "best_validation_f1": 0.8031423995118104,
  "best_validation_loss": 0.1580299638211727
}