{
  "best_epoch": 17,
  "peak_cpu_memory_MB": 3279.388,
  "peak_gpu_0_memory_MB": 6581,
  "peak_gpu_1_memory_MB": 2768,
  "training_duration": "0:05:31.463625",
  "training_start_epoch": 0,
  "training_epochs": 18,
  "epoch": 18,
  "training_precision": 0.8669890078050018,
  "training_recall": 0.9080322427690849,
  "training_f1": 0.8870361106478667,
  "training_loss": 0.020071744823966314,
  "training_cpu_memory_MB": 3279.388,
  "training_gpu_0_memory_MB": 6581,
  "training_gpu_1_memory_MB": 2768,
  "validation_precision": 0.7394994877798917,
  "validation_recall": 0.8032109362581465,
  "validation_f1": 0.7700396220663932,
  "validation_loss": 0.1280480148891608,
  "best_validation_precision": 0.7508818342151675,
  "best_validation_recall": 0.8121125417262757,
  "best_validation_f1": 0.7802978235967428,
  "best_validation_loss": 0.12850371450185777
}