{
  "best_epoch": 28,
  "peak_cpu_memory_MB": 3279.396,
  "peak_gpu_0_memory_MB": 6581,
  "peak_gpu_1_memory_MB": 2768,
  "training_duration": "0:09:55.681329",
  "training_start_epoch": 0,
  "training_epochs": 33,
  "epoch": 33,
  "training_precision": 0.9780833772292874,
  "training_recall": 0.9860787102892367,
  "training_f1": 0.9820647708275774,
  "training_loss": 0.0024307271810713195,
  "training_cpu_memory_MB": 3279.396,
  "training_gpu_0_memory_MB": 6581,
  "training_gpu_1_memory_MB": 2768,
  "validation_precision": 0.7695639187574671,
  "validation_recall": 0.8191066603083771,
  "validation_f1": 0.7935627935627436,
  "validation_loss": 0.18930085897445678,
  "best_validation_precision": 0.7719941348973607,
  "best_validation_recall": 0.8369098712446352,
  "best_validation_f1": 0.8031423995118104,
  "best_validation_loss": 0.1580299638211727
}