{
  "best_epoch": 28,
  "peak_cpu_memory_MB": 3279.396,
  "peak_gpu_0_memory_MB": 6581,
  "peak_gpu_1_memory_MB": 2768,
  "training_duration": "0:10:30.592057",
  "training_start_epoch": 0,
  "training_epochs": 35,
  "epoch": 35,
  "training_precision": 0.877164056059357,
  "training_recall": 0.9282882882882882,
  "training_f1": 0.9020023405176283,
  "training_loss": 0.017587977036277555,
  "training_cpu_memory_MB": 3279.396,
  "training_gpu_0_memory_MB": 6581,
  "training_gpu_1_memory_MB": 2768,
  "validation_precision": 0.7454283657307416,
  "validation_recall": 0.8229216340804324,
  "validation_f1": 0.7822605016620838,
  "validation_loss": 0.17441607192158698,
  "best_validation_precision": 0.7719941348973607,
  "best_validation_recall": 0.8369098712446352,
  "best_validation_f1": 0.8031423995118104,
  "best_validation_loss": 0.1580299638211727
}