{
  "best_epoch": 4,
  "peak_cpu_memory_MB": 3278.808,
  "peak_gpu_0_memory_MB": 6581,
  "peak_gpu_1_memory_MB": 2768,
  "training_duration": "0:01:31.259558",
  "training_start_epoch": 0,
  "training_epochs": 4,
  "epoch": 4,
  "training_precision": 0.6458608925711898,
  "training_recall": 0.703764817449028,
  "training_f1": 0.673570708950094,
  "training_loss": 0.10838389499381246,
  "training_cpu_memory_MB": 3278.808,
  "training_gpu_0_memory_MB": 6581,
  "training_gpu_1_memory_MB": 2768,
  "validation_precision": 0.6385452377403488,
  "validation_recall": 0.6809728183118741,
  "validation_f1": 0.6590769230768732,
  "validation_loss": 0.13610862096150717,
  "best_validation_precision": 0.6385452377403488,
  "best_validation_recall": 0.6809728183118741,
  "best_validation_f1": 0.6590769230768732,
  "best_validation_loss": 0.13610862096150717
}