{
  "best_epoch": 28,
  "peak_cpu_memory_MB": 3279.396,
  "peak_gpu_0_memory_MB": 6581,
  "peak_gpu_1_memory_MB": 2768,
  "training_duration": "0:11:04.916467",
  "training_start_epoch": 0,
  "training_epochs": 37,
  "epoch": 37,
  "training_precision": 0.9579475884724503,
  "training_recall": 0.9734091986723565,
  "training_f1": 0.9656165040779926,
  "training_loss": 0.0044035976279252435,
  "training_cpu_memory_MB": 3279.396,
  "training_gpu_0_memory_MB": 6581,
  "training_gpu_1_memory_MB": 2768,
  "validation_precision": 0.7749587149076715,
  "validation_recall": 0.8205372754728978,
  "validation_f1": 0.7970969734403455,
  "validation_loss": 0.17957526172200838,
  "best_validation_precision": 0.7719941348973607,
  "best_validation_recall": 0.8369098712446352,
  "best_validation_f1": 0.8031423995118104,
  "best_validation_loss": 0.1580299638211727
}