{
  "best_epoch": 28,
  "peak_cpu_memory_MB": 3279.396,
  "peak_gpu_0_memory_MB": 6581,
  "peak_gpu_1_memory_MB": 2768,
  "training_duration": "0:10:47.761581",
  "training_start_epoch": 0,
  "training_epochs": 36,
  "epoch": 36,
  "training_precision": 0.9268158372951045,
  "training_recall": 0.9576481744902797,
  "training_f1": 0.9419797768739473,
  "training_loss": 0.00845828508814977,
  "training_cpu_memory_MB": 3279.396,
  "training_gpu_0_memory_MB": 6581,
  "training_gpu_1_memory_MB": 2768,
  "validation_precision": 0.7580597456373854,
  "validation_recall": 0.8148148148148148,
  "validation_f1": 0.7854133149467055,
  "validation_loss": 0.1737617666522662,
  "best_validation_precision": 0.7719941348973607,
  "best_validation_recall": 0.8369098712446352,
  "best_validation_f1": 0.8031423995118104,
  "best_validation_loss": 0.1580299638211727
}