{
  "best_epoch": 28,
  "peak_cpu_memory_MB": 3279.396,
  "peak_gpu_0_memory_MB": 6581,
  "peak_gpu_1_memory_MB": 2768,
  "training_duration": "0:09:03.901346",
  "training_start_epoch": 0,
  "training_epochs": 30,
  "epoch": 30,
  "training_precision": 0.9645352867339866,
  "training_recall": 0.9764627785680418,
  "training_f1": 0.9704623852518774,
  "training_loss": 0.0038259624931247477,
  "training_cpu_memory_MB": 3279.396,
  "training_gpu_0_memory_MB": 6581,
  "training_gpu_1_memory_MB": 2768,
  "validation_precision": 0.7622336517266716,
  "validation_recall": 0.8245112064854554,
  "validation_f1": 0.7921502748930471,
  "validation_loss": 0.17421314666668575,
  "best_validation_precision": 0.7719941348973607,
  "best_validation_recall": 0.8369098712446352,
  "best_validation_f1": 0.8031423995118104,
  "best_validation_loss": 0.1580299638211727
}