{
  "best_epoch": 28,
  "peak_cpu_memory_MB": 3279.396,
  "peak_gpu_0_memory_MB": 6581,
  "peak_gpu_1_memory_MB": 2768,
  "training_duration": "0:09:21.857350",
  "training_start_epoch": 0,
  "training_epochs": 31,
  "epoch": 31,
  "training_precision": 0.9716566491359879,
  "training_recall": 0.9811474632527264,
  "training_f1": 0.9763789930636975,
  "training_loss": 0.003205027753008633,
  "training_cpu_memory_MB": 3279.396,
  "training_gpu_0_memory_MB": 6581,
  "training_gpu_1_memory_MB": 2768,
  "validation_precision": 0.7682435457394419,
  "validation_recall": 0.8183118741058655,
  "validation_f1": 0.7924876847290142,
  "validation_loss": 0.17844996899366378,
  "best_validation_precision": 0.7719941348973607,
  "best_validation_recall": 0.8369098712446352,
  "best_validation_f1": 0.8031423995118104,
  "best_validation_loss": 0.1580299638211727
}