{
  "best_epoch": 28,
  "peak_cpu_memory_MB": 3279.396,
  "peak_gpu_0_memory_MB": 6581,
  "peak_gpu_1_memory_MB": 2768,
  "training_duration": "0:09:38.568584",
  "training_start_epoch": 0,
  "training_epochs": 32,
  "epoch": 32,
  "training_precision": 0.9761112051614845,
  "training_recall": 0.9842200094831673,
  "training_f1": 0.9801488365064475,
  "training_loss": 0.0027103990997815863,
  "training_cpu_memory_MB": 3279.396,
  "training_gpu_0_memory_MB": 6581,
  "training_gpu_1_memory_MB": 2768,
  "validation_precision": 0.7638005031818854,
  "validation_recall": 0.8203783182323955,
  "validation_f1": 0.7910790925811886,
  "validation_loss": 0.1852389025191466,
  "best_validation_precision": 0.7719941348973607,
  "best_validation_recall": 0.8369098712446352,
  "best_validation_f1": 0.8031423995118104,
  "best_validation_loss": 0.1580299638211727
}