{
  "best_epoch": 2,
  "peak_cpu_memory_MB": 3278.244,
  "peak_gpu_0_memory_MB": 6581,
  "peak_gpu_1_memory_MB": 2768,
  "training_duration": "0:00:56.485580",
  "training_start_epoch": 0,
  "training_epochs": 2,
  "epoch": 2,
  "training_precision": 0.5291416644925646,
  "training_recall": 0.5770128022759602,
  "training_f1": 0.552041371801801,
  "training_loss": 0.17280617537199225,
  "training_cpu_memory_MB": 3278.244,
  "training_gpu_0_memory_MB": 6581,
  "training_gpu_1_memory_MB": 2768,
  "validation_precision": 0.56855151045701,
  "validation_recall": 0.583373072643459,
  "validation_f1": 0.5758669386473688,
  "validation_loss": 0.16971188311775526,
  "best_validation_precision": 0.56855151045701,
  "best_validation_recall": 0.583373072643459,
  "best_validation_f1": 0.5758669386473688,
  "best_validation_loss": 0.16971188311775526
}