{
  "best_epoch": 14,
  "peak_cpu_memory_MB": 3279.368,
  "peak_gpu_0_memory_MB": 6581,
  "peak_gpu_1_memory_MB": 2768,
  "training_duration": "0:04:22.470739",
  "training_start_epoch": 0,
  "training_epochs": 14,
  "epoch": 14,
  "training_precision": 0.8258589835361488,
  "training_recall": 0.8752773826458037,
  "training_f1": 0.8498503752128777,
  "training_loss": 0.03165790503950015,
  "training_cpu_memory_MB": 3279.368,
  "training_gpu_0_memory_MB": 6581,
  "training_gpu_1_memory_MB": 2768,
  "validation_precision": 0.746405809989625,
  "validation_recall": 0.8005086631696073,
  "validation_f1": 0.7725111213375786,
  "validation_loss": 0.11931721530854703,
  "best_validation_precision": 0.746405809989625,
  "best_validation_recall": 0.8005086631696073,
  "best_validation_f1": 0.7725111213375786,
  "best_validation_loss": 0.11931721530854703
}