{
  "best_epoch": 28,
  "peak_cpu_memory_MB": 3279.396,
  "peak_gpu_0_memory_MB": 6581,
  "peak_gpu_1_memory_MB": 2768,
  "training_duration": "0:10:13.277061",
  "training_start_epoch": 0,
  "training_epochs": 34,
  "epoch": 34,
  "training_precision": 0.9597638883700078,
  "training_recall": 0.9744902797534376,
  "training_f1": 0.9670710245719862,
  "training_loss": 0.004113778987252192,
  "training_cpu_memory_MB": 3279.396,
  "training_gpu_0_memory_MB": 6581,
  "training_gpu_1_memory_MB": 2768,
  "validation_precision": 0.6782082636117904,
  "validation_recall": 0.8375457002066444,
  "validation_f1": 0.7495021337126105,
  "validation_loss": 0.19566289906700451,
  "best_validation_precision": 0.7719941348973607,
  "best_validation_recall": 0.8369098712446352,
  "best_validation_f1": 0.8031423995118104,
  "best_validation_loss": 0.1580299638211727
}