{
  "best_epoch": 20,
  "peak_cpu_memory_MB": 3279.396,
  "peak_gpu_0_memory_MB": 6581,
  "peak_gpu_1_memory_MB": 2768,
  "training_duration": "0:06:41.652757",
  "training_start_epoch": 0,
  "training_epochs": 22,
  "epoch": 22,
  "training_precision": 0.9017153538833707,
  "training_recall": 0.9332005689900427,
  "training_f1": 0.9171878349534877,
  "training_loss": 0.012769628391378855,
  "training_cpu_memory_MB": 3279.396,
  "training_gpu_0_memory_MB": 6581,
  "training_gpu_1_memory_MB": 2768,
  "validation_precision": 0.7644417838970368,
  "validation_recall": 0.8119535844857734,
  "validation_f1": 0.7874816927464234,
  "validation_loss": 0.13975116200745105,
  "best_validation_precision": 0.7528901734104047,
  "best_validation_recall": 0.8281672230170084,
  "best_validation_f1": 0.7887366588448521,
  "best_validation_loss": 0.13255634295443694
}