{
  "best_epoch": 23,
  "peak_cpu_memory_MB": 3279.396,
  "peak_gpu_0_memory_MB": 6581,
  "peak_gpu_1_memory_MB": 2768,
  "training_duration": "0:07:53.652390",
  "training_start_epoch": 0,
  "training_epochs": 26,
  "epoch": 26,
  "training_precision": 0.9060774490803378,
  "training_recall": 0.9399146514935989,
  "training_f1": 0.922685930794316,
  "training_loss": 0.011262711490611756,
  "training_cpu_memory_MB": 3279.396,
  "training_gpu_0_memory_MB": 6581,
  "training_gpu_1_memory_MB": 2768,
  "validation_precision": 0.7524180742023964,
  "validation_recall": 0.828485137498013,
  "validation_f1": 0.7886215766378681,
  "validation_loss": 0.14777258622149628,
  "best_validation_precision": 0.7551819104218003,
  "best_validation_recall": 0.8281672230170084,
  "best_validation_f1": 0.789992418498813,
  "best_validation_loss": 0.14190816804766654
}