{
  "best_epoch": 19,
  "peak_cpu_memory_MB": 3279.388,
  "peak_gpu_0_memory_MB": 6581,
  "peak_gpu_1_memory_MB": 2768,
  "training_duration": "0:05:48.080697",
  "training_start_epoch": 0,
  "training_epochs": 19,
  "epoch": 19,
  "training_precision": 0.8687739463601533,
  "training_recall": 0.9117306780464676,
  "training_f1": 0.8897341218060341,
  "training_loss": 0.01911595554585442,
  "training_cpu_memory_MB": 3279.388,
  "training_gpu_0_memory_MB": 6581,
  "training_gpu_1_memory_MB": 2768,
  "validation_precision": 0.7561764705882353,
  "validation_recall": 0.8173581306628517,
  "validation_f1": 0.7855778779313534,
  "validation_loss": 0.12879078562060992,
  "best_validation_precision": 0.7561764705882353,
  "best_validation_recall": 0.8173581306628517,
  "best_validation_f1": 0.7855778779313534,
  "best_validation_loss": 0.12879078562060992
}