{
  "best_epoch": 1,
  "peak_cpu_memory_MB": 3277.444,
  "peak_gpu_0_memory_MB": 6581,
  "peak_gpu_1_memory_MB": 2768,
  "training_duration": "0:00:38.321854",
  "training_start_epoch": 0,
  "training_epochs": 1,
  "epoch": 1,
  "training_precision": 0.3202984824348118,
  "training_recall": 0.362275960170697,
  "training_f1": 0.3399964400141901,
  "training_loss": 0.29004086133997137,
  "training_cpu_memory_MB": 3277.444,
  "training_gpu_0_memory_MB": 6581,
  "training_gpu_1_memory_MB": 2768,
  "validation_precision": 0.4477969953288726,
  "validation_recall": 0.5638213320616754,
  "validation_f1": 0.4991556431184422,
  "validation_loss": 0.21296033983429272,
  "best_validation_precision": 0.4477969953288726,
  "best_validation_recall": 0.5638213320616754,
  "best_validation_f1": 0.4991556431184422,
  "best_validation_loss": 0.21296033983429272
}