{
  "best_epoch": 20,
  "peak_cpu_memory_MB": 3279.388,
  "peak_gpu_0_memory_MB": 6581,
  "peak_gpu_1_memory_MB": 2768,
  "training_duration": "0:06:05.844360",
  "training_start_epoch": 0,
  "training_epochs": 20,
  "epoch": 20,
  "training_precision": 0.8820627639434979,
  "training_recall": 0.9190516832622095,
  "training_f1": 0.900177408718056,
  "training_loss": 0.0165385003960998,
  "training_cpu_memory_MB": 3279.388,
  "training_gpu_0_memory_MB": 6581,
  "training_gpu_1_memory_MB": 2768,
  "validation_precision": 0.7528901734104047,
  "validation_recall": 0.8281672230170084,
  "validation_f1": 0.7887366588448521,
  "validation_loss": 0.13255634295443694,
  "best_validation_precision": 0.7528901734104047,
  "best_validation_recall": 0.8281672230170084,
  "best_validation_f1": 0.7887366588448521,
  "best_validation_loss": 0.13255634295443694
}