{
  "best_epoch": 12,
  "peak_cpu_memory_MB": 3279.368,
  "peak_gpu_0_memory_MB": 6581,
  "peak_gpu_1_memory_MB": 2768,
  "training_duration": "0:04:05.345647",
  "training_start_epoch": 0,
  "training_epochs": 13,
  "epoch": 13,
  "training_precision": 0.8137205898104181,
  "training_recall": 0.8645424371740161,
  "training_f1": 0.8383620095086082,
  "training_loss": 0.03546910043978305,
  "training_cpu_memory_MB": 3279.368,
  "training_gpu_0_memory_MB": 6581,
  "training_gpu_1_memory_MB": 2768,
  "validation_precision": 0.7127555988315482,
  "validation_recall": 0.8144969003338102,
  "validation_f1": 0.7602373887239859,
  "validation_loss": 0.12208778820931912,
  "best_validation_precision": 0.7258620689655172,
  "best_validation_recall": 0.8030519790176442,
  "best_validation_f1": 0.7625084899252388,
  "best_validation_loss": 0.11667335629463196
}