{
  "best_epoch": 10,
  "peak_cpu_memory_MB": 3279.364,
  "peak_gpu_0_memory_MB": 6581,
  "peak_gpu_1_memory_MB": 2768,
  "training_duration": "0:03:12.788208",
  "training_start_epoch": 0,
  "training_epochs": 10,
  "epoch": 10,
  "training_precision": 0.7781617751311498,
  "training_recall": 0.8327548601232811,
  "training_f1": 0.8045332527095489,
  "training_loss": 0.04828423477801276,
  "training_cpu_memory_MB": 3279.364,
  "training_gpu_0_memory_MB": 6581,
  "training_gpu_1_memory_MB": 2768,
  "validation_precision": 0.7291266440076843,
  "validation_recall": 0.7842950246383723,
  "validation_f1": 0.755705314749529,
  "validation_loss": 0.11927607432007789,
  "best_validation_precision": 0.7291266440076843,
  "best_validation_recall": 0.7842950246383723,
  "best_validation_f1": 0.755705314749529,
  "best_validation_loss": 0.11927607432007789
}