{
  "best_epoch": 3,
  "peak_cpu_memory_MB": 3278.504,
  "peak_gpu_0_memory_MB": 6581,
  "peak_gpu_1_memory_MB": 2768,
  "training_duration": "0:01:14.013093",
  "training_start_epoch": 0,
  "training_epochs": 3,
  "epoch": 3,
  "training_precision": 0.5965919936143261,
  "training_recall": 0.65208155523945,
  "training_f1": 0.6231038294941235,
  "training_loss": 0.13307891200476712,
  "training_cpu_memory_MB": 3278.504,
  "training_gpu_0_memory_MB": 6581,
  "training_gpu_1_memory_MB": 2768,
  "validation_precision": 0.6093355136019027,
  "validation_recall": 0.6515657288189477,
  "validation_f1": 0.6297434321707904,
  "validation_loss": 0.14699083467324575,
  "best_validation_precision": 0.6093355136019027,
  "best_validation_recall": 0.6515657288189477,
  "best_validation_f1": 0.6297434321707904,
  "best_validation_loss": 0.14699083467324575
}