{
  "best_epoch": 23,
  "peak_cpu_memory_MB": 3279.396,
  "peak_gpu_0_memory_MB": 6581,
  "peak_gpu_1_memory_MB": 2768,
  "training_duration": "0:07:35.651398",
  "training_start_epoch": 0,
  "training_epochs": 25,
  "epoch": 25,
  "training_precision": 0.9104146417502613,
  "training_recall": 0.9415647226173542,
  "training_f1": 0.9257277117869229,
  "training_loss": 0.011038014722974596,
  "training_cpu_memory_MB": 3279.396,
  "training_gpu_0_memory_MB": 6581,
  "training_gpu_1_memory_MB": 2768,
  "validation_precision": 0.7494246260069045,
  "validation_recall": 0.8281672230170084,
  "validation_f1": 0.7868307785244537,
  "validation_loss": 0.14741781304279963,
  "best_validation_precision": 0.7551819104218003,
  "best_validation_recall": 0.8281672230170084,
  "best_validation_f1": 0.789992418498813,
  "best_validation_loss": 0.14190816804766654
}