{
  "best_epoch": 6,
  "peak_cpu_memory_MB": 3279.364,
  "peak_gpu_0_memory_MB": 6581,
  "peak_gpu_1_memory_MB": 2768,
  "training_duration": "0:02:01.780740",
  "training_start_epoch": 0,
  "training_epochs": 6,
  "epoch": 6,
  "training_precision": 0.7057704059362724,
  "training_recall": 0.7666761498340445,
  "training_f1": 0.7349636363635864,
  "training_loss": 0.08041096738934395,
  "training_cpu_memory_MB": 3279.364,
  "training_gpu_0_memory_MB": 6581,
  "training_gpu_1_memory_MB": 2768,
  "validation_precision": 0.6754847437246355,
  "validation_recall": 0.7143538388173581,
  "validation_f1": 0.6943757725586646,
  "validation_loss": 0.12569303338726362,
  "best_validation_precision": 0.6754847437246355,
  "best_validation_recall": 0.7143538388173581,
  "best_validation_f1": 0.6943757725586646,
  "best_validation_loss": 0.12569303338726362
}