{
  "best_epoch": 20,
  "peak_cpu_memory_MB": 3279.396,
  "peak_gpu_0_memory_MB": 6581,
  "peak_gpu_1_memory_MB": 2768,
  "training_duration": "0:06:24.037526",
  "training_start_epoch": 0,
  "training_epochs": 21,
  "epoch": 21,
  "training_precision": 0.8943472778112835,
  "training_recall": 0.9281365576102418,
  "training_f1": 0.9109286871055513,
  "training_loss": 0.014403013403742065,
  "training_cpu_memory_MB": 3279.396,
  "training_gpu_0_memory_MB": 6581,
  "training_gpu_1_memory_MB": 2768,
  "validation_precision": 0.7536189069423929,
  "validation_recall": 0.8109998410427595,
  "validation_f1": 0.7812571778576946,
  "validation_loss": 0.13773361643155416,
  "best_validation_precision": 0.7528901734104047,
  "best_validation_recall": 0.8281672230170084,
  "best_validation_f1": 0.7887366588448521,
  "best_validation_loss": 0.13255634295443694
}