{
  "best_epoch": 8,
  "peak_cpu_memory_MB": 3279.364,
  "peak_gpu_0_memory_MB": 6581,
  "peak_gpu_1_memory_MB": 2768,
  "training_duration": "0:02:37.668092",
  "training_start_epoch": 0,
  "training_epochs": 8,
  "epoch": 8,
  "training_precision": 0.7412700363419301,
  "training_recall": 0.8007965860597439,
  "training_f1": 0.7698843951715341,
  "training_loss": 0.06241427454330916,
  "training_cpu_memory_MB": 3279.364,
  "training_gpu_0_memory_MB": 6581,
  "training_gpu_1_memory_MB": 2768,
  "validation_precision": 0.7041095890410959,
  "validation_recall": 0.7761882053727547,
  "validation_f1": 0.7383940722818192,
  "validation_loss": 0.11656319908797741,
  "best_validation_precision": 0.7041095890410959,
  "best_validation_recall": 0.7761882053727547,
  "best_validation_f1": 0.7383940722818192,
  "best_validation_loss": 0.11656319908797741
}