{
  "best_epoch": 9,
  "peak_cpu_memory_MB": 3279.364,
  "peak_gpu_0_memory_MB": 6581,
  "peak_gpu_1_memory_MB": 2768,
  "training_duration": "0:02:55.486659",
  "training_start_epoch": 0,
  "training_epochs": 9,
  "epoch": 9,
  "training_precision": 0.7622315930624416,
  "training_recall": 0.8193646277856804,
  "training_f1": 0.7897661834335254,
  "training_loss": 0.05457092456350969,
  "training_cpu_memory_MB": 3279.364,
  "training_gpu_0_memory_MB": 6581,
  "training_gpu_1_memory_MB": 2768,
  "validation_precision": 0.7069607562303065,
  "validation_recall": 0.7846129391193769,
  "validation_f1": 0.7437655390642159,
  "validation_loss": 0.11893332004547119,
  "best_validation_precision": 0.7069607562303065,
  "best_validation_recall": 0.7846129391193769,
  "best_validation_f1": 0.7437655390642159,
  "best_validation_loss": 0.11893332004547119
}