{
  "best_epoch": 7,
  "peak_cpu_memory_MB": 3279.364,
  "peak_gpu_0_memory_MB": 6581,
  "peak_gpu_1_memory_MB": 2768,
  "training_duration": "0:02:19.598213",
  "training_start_epoch": 0,
  "training_epochs": 7,
  "epoch": 7,
  "training_precision": 0.722906511522267,
  "training_recall": 0.7847700331910858,
  "training_f1": 0.7525690693148044,
  "training_loss": 0.07023926027149821,
  "training_cpu_memory_MB": 3279.364,
  "training_gpu_0_memory_MB": 6581,
  "training_gpu_1_memory_MB": 2768,
  "validation_precision": 0.6725874125874126,
  "validation_recall": 0.7644253695755842,
  "validation_f1": 0.7155717580536665,
  "validation_loss": 0.12301949759324392,
  "best_validation_precision": 0.6725874125874126,
  "best_validation_recall": 0.7644253695755842,
  "best_validation_f1": 0.7155717580536665,
  "best_validation_loss": 0.12301949759324392
}