{
  "best_epoch": 28,
  "peak_cpu_memory_MB": 3279.396,
  "peak_gpu_0_memory_MB": 6581,
  "peak_gpu_1_memory_MB": 2768,
  "training_duration": "0:08:29.289265",
  "training_start_epoch": 0,
  "training_epochs": 28,
  "epoch": 28,
  "training_precision": 0.9479054179854776,
  "training_recall": 0.9656140350877193,
  "training_f1": 0.9566777845632985,
  "training_loss": 0.005957516557498693,
  "training_cpu_memory_MB": 3279.396,
  "training_gpu_0_memory_MB": 6581,
  "training_gpu_1_memory_MB": 2768,
  "validation_precision": 0.7719941348973607,
  "validation_recall": 0.8369098712446352,
  "validation_f1": 0.8031423995118104,
  "validation_loss": 0.1580299638211727,
  "best_validation_precision": 0.7719941348973607,
  "best_validation_recall": 0.8369098712446352,
  "best_validation_f1": 0.8031423995118104,
  "best_validation_loss": 0.1580299638211727
}