{
  "best_epoch": 15,
  "peak_cpu_memory_MB": 3279.368,
  "peak_gpu_0_memory_MB": 6581,
  "peak_gpu_1_memory_MB": 2768,
  "training_duration": "0:04:39.922478",
  "training_start_epoch": 0,
  "training_epochs": 15,
  "epoch": 15,
  "training_precision": 0.8378703970080552,
  "training_recall": 0.8838122332859175,
  "training_f1": 0.8602283530703482,
  "training_loss": 0.0278610263806442,
  "training_cpu_memory_MB": 3279.368,
  "training_gpu_0_memory_MB": 6581,
  "training_gpu_1_memory_MB": 2768,
  "validation_precision": 0.7479662771779323,
  "validation_recall": 0.8038467652201557,
  "validation_f1": 0.7749003984063245,
  "validation_loss": 0.12211570690075556,
  "best_validation_precision": 0.7479662771779323,
  "best_validation_recall": 0.8038467652201557,
  "best_validation_f1": 0.7749003984063245,
  "best_validation_loss": 0.12211570690075556
}