{
  "best_epoch": 17,
  "peak_cpu_memory_MB": 3279.388,
  "peak_gpu_0_memory_MB": 6581,
  "peak_gpu_1_memory_MB": 2768,
  "training_duration": "0:05:13.535271",
  "training_start_epoch": 0,
  "training_epochs": 17,
  "epoch": 17,
  "training_precision": 0.8606509840878611,
  "training_recall": 0.900692271218587,
  "training_f1": 0.8802164907370009,
  "training_loss": 0.022163401812472124,
  "training_cpu_memory_MB": 3279.388,
  "training_gpu_0_memory_MB": 6581,
  "training_gpu_1_memory_MB": 2768,
  "validation_precision": 0.7508818342151675,
  "validation_recall": 0.8121125417262757,
  "validation_f1": 0.7802978235967428,
  "validation_loss": 0.12850371450185777,
  "best_validation_precision": 0.7508818342151675,
  "best_validation_recall": 0.8121125417262757,
  "best_validation_f1": 0.7802978235967428,
  "best_validation_loss": 0.12850371450185777
}