{
  "best_epoch": 27,
  "peak_cpu_memory_MB": 3279.396,
  "peak_gpu_0_memory_MB": 6581,
  "peak_gpu_1_memory_MB": 2768,
  "training_duration": "0:08:11.713592",
  "training_start_epoch": 0,
  "training_epochs": 27,
  "epoch": 27,
  "training_precision": 0.9310434075279154,
  "training_recall": 0.9551825509720246,
  "training_f1": 0.9429585178388709,
  "training_loss": 0.00783490674443727,
  "training_cpu_memory_MB": 3279.396,
  "training_gpu_0_memory_MB": 6581,
  "training_gpu_1_memory_MB": 2768,
  "validation_precision": 0.7616414435389989,
  "validation_recall": 0.8319821967890637,
  "validation_f1": 0.7952594393374871,
  "validation_loss": 0.15437049468358358,
  "best_validation_precision": 0.7616414435389989,
  "best_validation_recall": 0.8319821967890637,
  "best_validation_f1": 0.7952594393374871,
  "best_validation_loss": 0.15437049468358358
}