{
  "best_epoch": 12,
  "peak_cpu_memory_MB": 3279.364,
  "peak_gpu_0_memory_MB": 6581,
  "peak_gpu_1_memory_MB": 2768,
  "training_duration": "0:03:48.164023",
  "training_start_epoch": 0,
  "training_epochs": 12,
  "epoch": 12,
  "training_precision": 0.8013753398368783,
  "training_recall": 0.8553627311522048,
  "training_f1": 0.8274894038640993,
  "training_loss": 0.039242114061144764,
  "training_cpu_memory_MB": 3279.364,
  "training_gpu_0_memory_MB": 6581,
  "training_gpu_1_memory_MB": 2768,
  "validation_precision": 0.7258620689655172,
  "validation_recall": 0.8030519790176442,
  "validation_f1": 0.7625084899252388,
  "validation_loss": 0.11667335629463196,
  "best_validation_precision": 0.7258620689655172,
  "best_validation_recall": 0.8030519790176442,
  "best_validation_f1": 0.7625084899252388,
  "best_validation_loss": 0.11667335629463196
}