{
  "best_epoch": 4,
  "peak_cpu_memory_MB": 2628.168,
  "peak_gpu_0_memory_MB": 7631,
  "peak_gpu_1_memory_MB": 977,
  "training_duration": "0:00:30.217233",
  "training_start_epoch": 0,
  "training_epochs": 12,
  "epoch": 12,
  "training_accuracy": 0.9982412944073162,
  "training_loss": 0.007621897677082999,
  "training_cpu_memory_MB": 2628.168,
  "training_gpu_0_memory_MB": 7631,
  "training_gpu_1_memory_MB": 977,
  "validation_accuracy": 0.7485928705440901,
  "validation_loss": 1.4830528743126814,
  "best_validation_accuracy": 0.7636022514071295,
  "best_validation_loss": 0.8026238504578086
}