{
  "best_epoch": 0,
  "peak_cpu_memory_MB": 2575.616,
  "peak_gpu_0_memory_MB": 7631,
  "peak_gpu_1_memory_MB": 827,
  "training_duration": "0:00:04.093852",
  "training_start_epoch": 0,
  "training_epochs": 0,
  "epoch": 0,
  "training_accuracy": 0.5121350685895181,
  "training_loss": 0.6929813476640787,
  "training_cpu_memory_MB": 2575.616,
  "training_gpu_0_memory_MB": 7631,
  "training_gpu_1_memory_MB": 827,
  "validation_accuracy": 0.600375234521576,
  "validation_loss": 0.6910756616031423,
  "best_validation_accuracy": 0.600375234521576,
  "best_validation_loss": 0.6910756616031423
}