{
  "best_epoch": 4,
  "peak_cpu_memory_MB": 2628.168,
  "peak_gpu_0_memory_MB": 7631,
  "peak_gpu_1_memory_MB": 977,
  "training_duration": "0:00:26.711748",
  "training_start_epoch": 0,
  "training_epochs": 10,
  "epoch": 10,
  "training_accuracy": 0.9973033180912182,
  "training_loss": 0.011619546233698963,
  "training_cpu_memory_MB": 2628.168,
  "training_gpu_0_memory_MB": 7631,
  "training_gpu_1_memory_MB": 977,
  "validation_accuracy": 0.7392120075046904,
  "validation_loss": 1.3914758387733908,
  "best_validation_accuracy": 0.7636022514071295,
  "best_validation_loss": 0.8026238504578086
}