{
  "best_epoch": 4,
  "peak_cpu_memory_MB": 2628.168,
  "peak_gpu_0_memory_MB": 7631,
  "peak_gpu_1_memory_MB": 977,
  "training_duration": "0:00:28.472241",
  "training_start_epoch": 0,
  "training_epochs": 11,
  "epoch": 11,
  "training_accuracy": 0.9980068003282917,
  "training_loss": 0.00883047970653852,
  "training_cpu_memory_MB": 2628.168,
  "training_gpu_0_memory_MB": 7631,
  "training_gpu_1_memory_MB": 977,
  "validation_accuracy": 0.7457786116322702,
  "validation_loss": 1.5597088547313915,
  "best_validation_accuracy": 0.7636022514071295,
  "best_validation_loss": 0.8026238504578086
}