{
  "best_epoch": 4,
  "peak_cpu_memory_MB": 2628.168,
  "peak_gpu_0_memory_MB": 7631,
  "peak_gpu_1_memory_MB": 977,
  "training_duration": "0:00:19.410562",
  "training_start_epoch": 0,
  "training_epochs": 6,
  "epoch": 6,
  "training_accuracy": 0.9935514128268261,
  "training_loss": 0.025681785777829754,
  "training_cpu_memory_MB": 2628.168,
  "training_gpu_0_memory_MB": 7631,
  "training_gpu_1_memory_MB": 977,
  "validation_accuracy": 0.7579737335834896,
  "validation_loss": 1.2695651790674995,
  "best_validation_accuracy": 0.7636022514071295,
  "best_validation_loss": 0.8026238504578086
}