{
  "best_epoch": 2,
  "peak_cpu_memory_MB": 2628.168,
  "peak_gpu_0_memory_MB": 7631,
  "peak_gpu_1_memory_MB": 977,
  "training_duration": "0:00:11.328203",
  "training_start_epoch": 0,
  "training_epochs": 2,
  "epoch": 2,
  "training_accuracy": 0.8807597608160393,
  "training_loss": 0.2932282215290105,
  "training_cpu_memory_MB": 2628.168,
  "training_gpu_0_memory_MB": 7631,
  "training_gpu_1_memory_MB": 977,
  "validation_accuracy": 0.7607879924953096,
  "validation_loss": 0.528262140119777,
  "best_validation_accuracy": 0.7607879924953096,
  "best_validation_loss": 0.528262140119777
}