{
  "best_epoch": 0,
  "peak_cpu_memory_MB": 2869.696,
  "peak_gpu_0_memory_MB": 8241,
  "peak_gpu_1_memory_MB": 4899,
  "training_duration": "0:00:06.378978",
  "training_start_epoch": 0,
  "training_epochs": 0,
  "epoch": 0,
  "training_accuracy": 0.5013483409543908,
  "training_loss": 0.6932364355272321,
  "training_cpu_memory_MB": 2869.696,
  "training_gpu_0_memory_MB": 8241,
  "training_gpu_1_memory_MB": 4899,
  "validation_accuracy": 0.50187617260788,
  "validation_loss": 0.6927301357774174,
  "best_validation_accuracy": 0.50187617260788,
  "best_validation_loss": 0.6927301357774174
}