{
  "best_epoch": 3,
  "peak_cpu_memory_MB": 2917.892,
  "peak_gpu_0_memory_MB": 8241,
  "peak_gpu_1_memory_MB": 5083,
  "training_duration": "0:00:24.721181",
  "training_start_epoch": 0,
  "training_epochs": 3,
  "epoch": 3,
  "training_accuracy": 0.6280923906671356,
  "training_loss": 0.6366178308849904,
  "training_cpu_memory_MB": 2917.892,
  "training_gpu_0_memory_MB": 5296,
  "training_gpu_1_memory_MB": 5083,
  "validation_accuracy": 0.6322701688555347,
  "validation_loss": 0.6423713074010962,
  "best_validation_accuracy": 0.6322701688555347,
  "best_validation_loss": 0.6423713074010962
}