{
  "best_epoch": 12,
  "peak_cpu_memory_MB": 2917.932,
  "peak_gpu_0_memory_MB": 8241,
  "peak_gpu_1_memory_MB": 5446,
  "training_duration": "0:01:19.939203",
  "training_start_epoch": 0,
  "training_epochs": 20,
  "epoch": 20,
  "training_accuracy": 0.9812404736780397,
  "training_loss": 0.06260517304207185,
  "training_cpu_memory_MB": 2917.932,
  "training_gpu_0_memory_MB": 5296,
  "training_gpu_1_memory_MB": 2016,
  "validation_accuracy": 0.7607879924953096,
  "validation_loss": 0.9090549367315629,
  "best_validation_accuracy": 0.774859287054409,
  "best_validation_loss": 0.6362708473906797
}