{
  "best_epoch": 4,
  "peak_cpu_memory_MB": 2917.892,
  "peak_gpu_0_memory_MB": 8241,
  "peak_gpu_1_memory_MB": 5093,
  "training_duration": "0:00:30.680238",
  "training_start_epoch": 0,
  "training_epochs": 4,
  "epoch": 4,
  "training_accuracy": 0.6357134482354321,
  "training_loss": 0.6310948044506471,
  "training_cpu_memory_MB": 2917.892,
  "training_gpu_0_memory_MB": 5296,
  "training_gpu_1_memory_MB": 5093,
  "validation_accuracy": 0.650093808630394,
  "validation_loss": 0.6377654461299672,
  "best_validation_accuracy": 0.650093808630394,
  "best_validation_loss": 0.6377654461299672
}