{
  "best_epoch": 11,
  "peak_cpu_memory_MB": 2917.896,
  "peak_gpu_0_memory_MB": 8241,
  "peak_gpu_1_memory_MB": 5446,
  "training_duration": "0:00:59.559128",
  "training_start_epoch": 0,
  "training_epochs": 11,
  "epoch": 11,
  "training_accuracy": 0.9031539453628796,
  "training_loss": 0.24809422516333524,
  "training_cpu_memory_MB": 2917.896,
  "training_gpu_0_memory_MB": 5296,
  "training_gpu_1_memory_MB": 2016,
  "validation_accuracy": 0.7589118198874296,
  "validation_loss": 0.6146751081242281,
  "best_validation_accuracy": 0.7589118198874296,
  "best_validation_loss": 0.6146751081242281
}