{
  "best_epoch": 12,
  "peak_cpu_memory_MB": 2917.924,
  "peak_gpu_0_memory_MB": 8241,
  "peak_gpu_1_memory_MB": 5446,
  "training_duration": "0:01:15.306240",
  "training_start_epoch": 0,
  "training_epochs": 18,
  "epoch": 18,
  "training_accuracy": 0.9727986868331575,
  "training_loss": 0.08766250747408885,
  "training_cpu_memory_MB": 2917.924,
  "training_gpu_0_memory_MB": 5296,
  "training_gpu_1_memory_MB": 2016,
  "validation_accuracy": 0.7570356472795498,
  "validation_loss": 0.8793167962747461,
  "best_validation_accuracy": 0.774859287054409,
  "best_validation_loss": 0.6362708473906797
}