{
  "best_epoch": 12,
  "peak_cpu_memory_MB": 2917.948,
  "peak_gpu_0_memory_MB": 8241,
  "peak_gpu_1_memory_MB": 5446,
  "training_duration": "0:01:22.258722",
  "training_start_epoch": 0,
  "training_epochs": 21,
  "epoch": 21,
  "training_accuracy": 0.9826474381521867,
  "training_loss": 0.06175950441314881,
  "training_cpu_memory_MB": 2917.948,
  "training_gpu_0_memory_MB": 5296,
  "training_gpu_1_memory_MB": 2016,
  "validation_accuracy": 0.7607879924953096,
  "validation_loss": 0.9957910881322973,
  "best_validation_accuracy": 0.774859287054409,
  "best_validation_loss": 0.6362708473906797
}