{
  "best_epoch": 10,
  "peak_cpu_memory_MB": 2917.896,
  "peak_gpu_0_memory_MB": 8241,
  "peak_gpu_1_memory_MB": 5446,
  "training_duration": "0:00:57.079960",
  "training_start_epoch": 0,
  "training_epochs": 10,
  "epoch": 10,
  "training_accuracy": 0.8892015476609215,
  "training_loss": 0.27468076726393914,
  "training_cpu_memory_MB": 2917.896,
  "training_gpu_0_memory_MB": 5296,
  "training_gpu_1_memory_MB": 2016,
  "validation_accuracy": 0.7579737335834896,
  "validation_loss": 0.5524827802882475,
  "best_validation_accuracy": 0.7579737335834896,
  "best_validation_loss": 0.5524827802882475
}