{
  "best_epoch": 7,
  "peak_cpu_memory_MB": 2917.896,
  "peak_gpu_0_memory_MB": 8241,
  "peak_gpu_1_memory_MB": 5125,
  "training_duration": "0:00:49.177562",
  "training_start_epoch": 0,
  "training_epochs": 7,
  "epoch": 7,
  "training_accuracy": 0.7689060851213507,
  "training_loss": 0.4837152117223882,
  "training_cpu_memory_MB": 2917.896,
  "training_gpu_0_memory_MB": 5296,
  "training_gpu_1_memory_MB": 5125,
  "validation_accuracy": 0.7335834896810507,
  "validation_loss": 0.5546459695872139,
  "best_validation_accuracy": 0.7335834896810507,
  "best_validation_loss": 0.5546459695872139
}