{
  "best_epoch": 12,
  "peak_cpu_memory_MB": 2917.908,
  "peak_gpu_0_memory_MB": 8241,
  "peak_gpu_1_memory_MB": 5446,
  "training_duration": "0:01:06.554979",
  "training_start_epoch": 0,
  "training_epochs": 14,
  "epoch": 14,
  "training_accuracy": 0.9450111384687536,
  "training_loss": 0.15365544196788167,
  "training_cpu_memory_MB": 2917.908,
  "training_gpu_0_memory_MB": 5296,
  "training_gpu_1_memory_MB": 2016,
  "validation_accuracy": 0.7701688555347092,
  "validation_loss": 0.645634254988502,
  "best_validation_accuracy": 0.774859287054409,
  "best_validation_loss": 0.6362708473906797
}