{
  "best_epoch": 12,
  "peak_cpu_memory_MB": 2917.908,
  "peak_gpu_0_memory_MB": 8241,
  "peak_gpu_1_memory_MB": 5446,
  "training_duration": "0:01:08.642316",
  "training_start_epoch": 0,
  "training_epochs": 15,
  "epoch": 15,
  "training_accuracy": 0.953101184195099,
  "training_loss": 0.13392046066140062,
  "training_cpu_memory_MB": 2917.908,
  "training_gpu_0_memory_MB": 5296,
  "training_gpu_1_memory_MB": 2016,
  "validation_accuracy": 0.7711069418386491,
  "validation_loss": 0.7310110120212331,
  "best_validation_accuracy": 0.774859287054409,
  "best_validation_loss": 0.6362708473906797
}