{
  "best_epoch": 9,
  "peak_cpu_memory_MB": 2917.896,
  "peak_gpu_0_memory_MB": 8241,
  "peak_gpu_1_memory_MB": 5446,
  "training_duration": "0:00:54.707878",
  "training_start_epoch": 0,
  "training_epochs": 9,
  "epoch": 9,
  "training_accuracy": 0.8594207996248094,
  "training_loss": 0.3311404574718048,
  "training_cpu_memory_MB": 2917.896,
  "training_gpu_0_memory_MB": 5296,
  "training_gpu_1_memory_MB": 2857,
  "validation_accuracy": 0.7439024390243902,
  "validation_loss": 0.5642446472364313,
  "best_validation_accuracy": 0.7439024390243902,
  "best_validation_loss": 0.5642446472364313
}