{
  "best_epoch": 12,
  "peak_cpu_memory_MB": 2917.908,
  "peak_gpu_0_memory_MB": 8241,
  "peak_gpu_1_memory_MB": 5446,
  "training_duration": "0:01:04.227103",
  "training_start_epoch": 0,
  "training_epochs": 13,
  "epoch": 13,
  "training_accuracy": 0.9264861062258178,
  "training_loss": 0.19186408417438394,
  "training_cpu_memory_MB": 2917.908,
  "training_gpu_0_memory_MB": 5296,
  "training_gpu_1_memory_MB": 2016,
  "validation_accuracy": 0.7579737335834896,
  "validation_loss": 0.5959970898487988,
  "best_validation_accuracy": 0.774859287054409,
  "best_validation_loss": 0.6362708473906797
}