{
  "best_epoch": 12,
  "peak_cpu_memory_MB": 2917.896,
  "peak_gpu_0_memory_MB": 8241,
  "peak_gpu_1_memory_MB": 5446,
  "training_duration": "0:01:01.908999",
  "training_start_epoch": 0,
  "training_epochs": 12,
  "epoch": 12,
  "training_accuracy": 0.9234376831984993,
  "training_loss": 0.20251044650464806,
  "training_cpu_memory_MB": 2917.896,
  "training_gpu_0_memory_MB": 5296,
  "training_gpu_1_memory_MB": 2016,
  "validation_accuracy": 0.774859287054409,
  "validation_loss": 0.6362708473906797,
  "best_validation_accuracy": 0.774859287054409,
  "best_validation_loss": 0.6362708473906797
}