{
  "best_epoch": 22,
  "peak_cpu_memory_MB": 3265.912,
  "peak_gpu_0_memory_MB": 8241,
  "peak_gpu_1_memory_MB": 7529,
  "training_duration": "0:06:33.963104",
  "training_start_epoch": 0,
  "training_epochs": 24,
  "epoch": 24,
  "training_precision": 0.9686875559211231,
  "training_recall": 0.9774474867649571,
  "training_f1": 0.9730478062701134,
  "training_loss": 0.03593913491931744,
  "training_cpu_memory_MB": 3265.912,
  "training_gpu_0_memory_MB": 8241,
  "training_gpu_1_memory_MB": 2638,
  "validation_precision": 0.9085680144108153,
  "validation_recall": 0.9291837665298678,
  "validation_f1": 0.9187602575431895,
  "validation_loss": 0.32913306752840676,
  "best_validation_precision": 0.9160238775913839,
  "best_validation_recall": 0.9292567259461925,
  "best_validation_f1": 0.9225928541677485,
  "best_validation_loss": 0.30619137386480966
}