{
  "best_epoch": 17,
  "peak_cpu_memory_MB": 3265.908,
  "peak_gpu_0_memory_MB": 8241,
  "peak_gpu_1_memory_MB": 7529,
  "training_duration": "0:05:16.376811",
  "training_start_epoch": 0,
  "training_epochs": 18,
  "epoch": 18,
  "training_precision": 0.9512087813166349,
  "training_recall": 0.9624227244264815,
  "training_f1": 0.9567828958351108,
  "training_loss": 0.06414343123832035,
  "training_cpu_memory_MB": 3265.908,
  "training_gpu_0_memory_MB": 8241,
  "training_gpu_1_memory_MB": 2638,
  "validation_precision": 0.9040965696114832,
  "validation_recall": 0.9282717738258094,
  "validation_f1": 0.9160246949133739,
  "validation_loss": 0.2849133417010307,
  "best_validation_precision": 0.9118512933742617,
  "best_validation_recall": 0.9265207478340173,
  "best_validation_f1": 0.9191274924908123,
  "best_validation_loss": 0.2734703759352366
}