{
  "best_epoch": 13,
  "peak_cpu_memory_MB": 3278.76,
  "peak_gpu_0_memory_MB": 10,
  "peak_gpu_1_memory_MB": 1599,
  "training_duration": "0:01:58.280217",
  "training_start_epoch": 0,
  "training_epochs": 14,
  "epoch": 14,
  "training_precision": 0.9377599976645824,
  "training_recall": 0.9508737974611488,
  "training_f1": 0.9442713694817371,
  "training_loss": 0.09062462060237035,
  "training_cpu_memory_MB": 3278.76,
  "training_gpu_0_memory_MB": 10,
  "training_gpu_1_memory_MB": 1599,
  "validation_precision": 0.9068511764285203,
  "validation_recall": 0.9251618787049704,
  "validation_f1": 0.9159150211724267,
  "validation_loss": 0.2663390944401423,
  "best_validation_precision": 0.9099032687259521,
  "best_validation_recall": 0.9230642954856361,
  "best_validation_f1": 0.9164365328721104,
  "best_validation_loss": 0.26034088134765626
}