{
  "best_epoch": 1,
  "peak_cpu_memory_MB": 3263.86,
  "peak_gpu_0_memory_MB": 8241,
  "peak_gpu_1_memory_MB": 2677,
  "training_duration": "0:00:30.995733",
  "training_start_epoch": 0,
  "training_epochs": 1,
  "epoch": 1,
  "training_precision": 0.825088757659622,
  "training_recall": 0.8448238173848693,
  "training_f1": 0.8348396728597939,
  "training_loss": 0.40520577831768695,
  "training_cpu_memory_MB": 3263.86,
  "training_gpu_0_memory_MB": 8241,
  "training_gpu_1_memory_MB": 2638,
  "validation_precision": 0.8405199092221993,
  "validation_recall": 0.8545554035567715,
  "validation_f1": 0.8474795483219855,
  "validation_loss": 0.37880510290463765,
  "best_validation_precision": 0.8405199092221993,
  "best_validation_recall": 0.8545554035567715,
  "best_validation_f1": 0.8474795483219855,
  "best_validation_loss": 0.37880510290463765
}