{
  "best_epoch": 3,
  "peak_cpu_memory_MB": 3265.876,
  "peak_gpu_0_memory_MB": 8241,
  "peak_gpu_1_memory_MB": 3469,
  "training_duration": "0:01:08.770115",
  "training_start_epoch": 0,
  "training_epochs": 3,
  "epoch": 3,
  "training_precision": 0.8656124499670627,
  "training_recall": 0.8841486878806853,
  "training_f1": 0.8747823863466259,
  "training_loss": 0.28766768287729333,
  "training_cpu_memory_MB": 3265.876,
  "training_gpu_0_memory_MB": 8241,
  "training_gpu_1_memory_MB": 3469,
  "validation_precision": 0.8688709374412925,
  "validation_recall": 0.8857729138166894,
  "validation_f1": 0.877240519705685,
  "validation_loss": 0.3083031977216403,
  "best_validation_precision": 0.8688709374412925,
  "best_validation_recall": 0.8857729138166894,
  "best_validation_f1": 0.877240519705685,
  "best_validation_loss": 0.3083031977216403
}