{
  "best_epoch": 15,
  "peak_cpu_memory_MB": 3278.76,
  "peak_gpu_0_memory_MB": 10,
  "peak_gpu_1_memory_MB": 1599,
  "training_duration": "0:02:05.819689",
  "training_start_epoch": 0,
  "training_epochs": 15,
  "epoch": 15,
  "training_precision": 0.9410657173252929,
  "training_recall": 0.9537200432629361,
  "training_f1": 0.94735062433873,
  "training_loss": 0.0830217182095864,
  "training_cpu_memory_MB": 3278.76,
  "training_gpu_0_memory_MB": 10,
  "training_gpu_1_memory_MB": 1599,
  "validation_precision": 0.9115114180263831,
  "validation_recall": 0.925718194254446,
  "validation_f1": 0.9185598776519913,
  "validation_loss": 0.2623344009121259,
  "best_validation_precision": 0.9115114180263831,
  "best_validation_recall": 0.925718194254446,
  "best_validation_f1": 0.9185598776519913,
  "best_validation_loss": 0.2623344009121259
}