{
  "best_epoch": 22,
  "peak_cpu_memory_MB": 3278.784,
  "peak_gpu_0_memory_MB": 10,
  "peak_gpu_1_memory_MB": 1599,
  "training_duration": "0:03:34.493272",
  "training_start_epoch": 0,
  "training_epochs": 27,
  "epoch": 27,
  "training_precision": 0.9752361022284796,
  "training_recall": 0.9826174076393237,
  "training_f1": 0.9789128408005181,
  "training_loss": 0.028262844146325142,
  "training_cpu_memory_MB": 3278.784,
  "training_gpu_0_memory_MB": 10,
  "training_gpu_1_memory_MB": 1599,
  "validation_precision": 0.9107467471411557,
  "validation_recall": 0.9275330597355221,
  "validation_f1": 0.9190632610551595,
  "validation_loss": 0.35218633462985355,
  "best_validation_precision": 0.9160238775913839,
  "best_validation_recall": 0.9292567259461925,
  "best_validation_f1": 0.9225928541677485,
  "best_validation_loss": 0.30619137386480966
}