{
  "best_epoch": 19,
  "peak_cpu_memory_MB": 3278.784,
  "peak_gpu_0_memory_MB": 10,
  "peak_gpu_1_memory_MB": 1599,
  "training_duration": "0:02:50.613849",
  "training_start_epoch": 0,
  "training_epochs": 21,
  "epoch": 21,
  "training_precision": 0.9608716622979122,
  "training_recall": 0.9707303466727386,
  "training_f1": 0.9657758456644752,
  "training_loss": 0.048320208743709014,
  "training_cpu_memory_MB": 3278.784,
  "training_gpu_0_memory_MB": 10,
  "training_gpu_1_memory_MB": 1599,
  "validation_precision": 0.9081109972829718,
  "validation_recall": 0.9296853625170999,
  "validation_f1": 0.918771546382411,
  "validation_loss": 0.2921235993504524,
  "best_validation_precision": 0.9147046916467995,
  "best_validation_recall": 0.9272594619243046,
  "best_validation_f1": 0.9209392903239916,
  "best_validation_loss": 0.28238391876220703
}