{
  "best_epoch": 22,
  "peak_cpu_memory_MB": 3265.916,
  "peak_gpu_0_memory_MB": 8241,
  "peak_gpu_1_memory_MB": 7529,
  "training_duration": "0:07:54.095814",
  "training_start_epoch": 0,
  "training_epochs": 30,
  "epoch": 30,
  "training_precision": 0.98099947708098,
  "training_recall": 0.9867535720384812,
  "training_f1": 0.9838681115098838,
  "training_loss": 0.02088848343384912,
  "training_cpu_memory_MB": 3265.916,
  "training_gpu_0_memory_MB": 8241,
  "training_gpu_1_memory_MB": 2638,
  "validation_precision": 0.9049773755656109,
  "validation_recall": 0.9284085727314182,
  "validation_f1": 0.9165432454453694,
  "validation_loss": 0.38747820009787876,
  "best_validation_precision": 0.9160238775913839,
  "best_validation_recall": 0.9292567259461925,
  "best_validation_f1": 0.9225928541677485,
  "best_validation_loss": 0.30619137386480966
}