{
  "best_epoch": 8,
  "peak_cpu_memory_MB": 3265.876,
  "peak_gpu_0_memory_MB": 8241,
  "peak_gpu_1_memory_MB": 7529,
  "training_duration": "0:02:57.161539",
  "training_start_epoch": 0,
  "training_epochs": 8,
  "epoch": 8,
  "training_precision": 0.9103564103625644,
  "training_recall": 0.926283372232026,
  "training_f1": 0.9182508336309583,
  "training_loss": 0.15739060358868706,
  "training_cpu_memory_MB": 3265.876,
  "training_gpu_0_memory_MB": 8241,
  "training_gpu_1_memory_MB": 3844,
  "validation_precision": 0.8987652765528538,
  "validation_recall": 0.9107979936160511,
  "validation_f1": 0.9047416292215764,
  "validation_loss": 0.2689848850170771,
  "best_validation_precision": 0.8987652765528538,
  "best_validation_recall": 0.9107979936160511,
  "best_validation_f1": 0.9047416292215764,
  "best_validation_loss": 0.2689848850170771
}