{
  "best_epoch": 19,
  "peak_cpu_memory_MB": 3278.776,
  "peak_gpu_0_memory_MB": 10,
  "peak_gpu_1_memory_MB": 1599,
  "training_duration": "0:02:35.958731",
  "training_start_epoch": 0,
  "training_epochs": 19,
  "epoch": 19,
  "training_precision": 0.954192648811433,
  "training_recall": 0.9653179256560597,
  "training_f1": 0.9597230467796671,
  "training_loss": 0.05850627655072383,
  "training_cpu_memory_MB": 3278.776,
  "training_gpu_0_memory_MB": 10,
  "training_gpu_1_memory_MB": 1599,
  "validation_precision": 0.9147046916467995,
  "validation_recall": 0.9272594619243046,
  "validation_f1": 0.9209392903239916,
  "validation_loss": 0.28238391876220703,
  "best_validation_precision": 0.9147046916467995,
  "best_validation_recall": 0.9272594619243046,
  "best_validation_f1": 0.9209392903239916,
  "best_validation_loss": 0.28238391876220703
}