{
  "best_epoch": 0,
  "peak_cpu_memory_MB": 3205.896,
  "peak_gpu_0_memory_MB": 10,
  "peak_gpu_1_memory_MB": 807,
  "training_duration": "0:00:10.580114",
  "training_start_epoch": 0,
  "training_epochs": 0,
  "epoch": 0,
  "training_precision": 0.6453231841052768,
  "training_recall": 0.7403051175499517,
  "training_f1": 0.6895587439951146,
  "training_loss": 0.6751750624228897,
  "training_cpu_memory_MB": 3205.896,
  "training_gpu_0_memory_MB": 10,
  "training_gpu_1_memory_MB": 807,
  "validation_precision": 0.8118373776527018,
  "validation_recall": 0.836625626994984,
  "validation_f1": 0.824045129531767,
  "validation_loss": 0.44307291209697724,
  "best_validation_precision": 0.8118373776527018,
  "best_validation_recall": 0.836625626994984,
  "best_validation_f1": 0.824045129531767,
  "best_validation_loss": 0.44307291209697724
}