{
  "best_epoch": 11,
  "peak_cpu_memory_MB": 3278.744,
  "peak_gpu_0_memory_MB": 10,
  "peak_gpu_1_memory_MB": 1599,
  "training_duration": "0:01:35.895922",
  "training_start_epoch": 0,
  "training_epochs": 11,
  "epoch": 11,
  "training_precision": 0.925433395132165,
  "training_recall": 0.9399647065520579,
  "training_f1": 0.9326424519285665,
  "training_loss": 0.1177108842810547,
  "training_cpu_memory_MB": 3278.744,
  "training_gpu_0_memory_MB": 10,
  "training_gpu_1_memory_MB": 1599,
  "validation_precision": 0.9039127439313548,
  "validation_recall": 0.9213315093479252,
  "validation_f1": 0.9125390108078069,
  "validation_loss": 0.25833478619654976,
  "best_validation_precision": 0.9039127439313548,
  "best_validation_recall": 0.9213315093479252,
  "best_validation_f1": 0.9125390108078069,
  "best_validation_loss": 0.25833478619654976
}