{
  "best_epoch": 15,
  "peak_cpu_memory_MB": 3278.76,
  "peak_gpu_0_memory_MB": 10,
  "peak_gpu_1_memory_MB": 1599,
  "training_duration": "0:02:13.247175",
  "training_start_epoch": 0,
  "training_epochs": 16,
  "epoch": 16,
  "training_precision": 0.9449612838695901,
  "training_recall": 0.9572903739966984,
  "training_f1": 0.9510858745814358,
  "training_loss": 0.07609802960856998,
  "training_cpu_memory_MB": 3278.76,
  "training_gpu_0_memory_MB": 10,
  "training_gpu_1_memory_MB": 1599,
  "validation_precision": 0.9090470187484913,
  "validation_recall": 0.9272777017783858,
  "validation_f1": 0.9180718648842158,
  "validation_loss": 0.27227233399947487,
  "best_validation_precision": 0.9115114180263831,
  "best_validation_recall": 0.925718194254446,
  "best_validation_f1": 0.9185598776519913,
  "best_validation_loss": 0.2623344009121259
}