{
  "best_epoch": 19,
  "peak_cpu_memory_MB": 3265.908,
  "peak_gpu_0_memory_MB": 8241,
  "peak_gpu_1_memory_MB": 7529,
  "training_duration": "0:05:42.275407",
  "training_start_epoch": 0,
  "training_epochs": 20,
  "epoch": 20,
  "training_precision": 0.9572926929508003,
  "training_recall": 0.9679353332953834,
  "training_f1": 0.9625845969209194,
  "training_loss": 0.05356652021873742,
  "training_cpu_memory_MB": 3265.908,
  "training_gpu_0_memory_MB": 8241,
  "training_gpu_1_memory_MB": 2638,
  "validation_precision": 0.9132833384165485,
  "validation_recall": 0.9285088919288645,
  "validation_f1": 0.9208331825910284,
  "validation_loss": 0.2896327207485835,
  "best_validation_precision": 0.9147046916467995,
  "best_validation_recall": 0.9272594619243046,
  "best_validation_f1": 0.9209392903239916,
  "best_validation_loss": 0.28238391876220703
}