{
  "best_epoch": 22,
  "peak_cpu_memory_MB": 3278.788,
  "peak_gpu_0_memory_MB": 10,
  "peak_gpu_1_memory_MB": 1599,
  "training_duration": "0:04:03.408476",
  "training_start_epoch": 0,
  "training_epochs": 31,
  "epoch": 31,
  "training_precision": 0.983109033802313,
  "training_recall": 0.9885307679171174,
  "training_f1": 0.9858124463538305,
  "training_loss": 0.018327003661861716,
  "training_cpu_memory_MB": 3278.788,
  "training_gpu_0_memory_MB": 10,
  "training_gpu_1_memory_MB": 1599,
  "validation_precision": 0.9103228056994124,
  "validation_recall": 0.9281805745554036,
  "validation_f1": 0.9191649620005733,
  "validation_loss": 0.3992494523525238,
  "best_validation_precision": 0.9160238775913839,
  "best_validation_recall": 0.9292567259461925,
  "best_validation_f1": 0.9225928541677485,
  "best_validation_loss": 0.30619137386480966
}