{
  "best_epoch": 22,
  "peak_cpu_memory_MB": 3278.784,
  "peak_gpu_0_memory_MB": 10,
  "peak_gpu_1_memory_MB": 1599,
  "training_duration": "0:03:05.336956",
  "training_start_epoch": 0,
  "training_epochs": 23,
  "epoch": 23,
  "training_precision": 0.9662485998955491,
  "training_recall": 0.9752592929925429,
  "training_f1": 0.9707330367710595,
  "training_loss": 0.04028673599155068,
  "training_cpu_memory_MB": 3278.784,
  "training_gpu_0_memory_MB": 10,
  "training_gpu_1_memory_MB": 1599,
  "validation_precision": 0.9124402471726711,
  "validation_recall": 0.927843137254902,
  "validation_f1": 0.9200772322982439,
  "validation_loss": 0.3149789268771807,
  "best_validation_precision": 0.9160238775913839,
  "best_validation_recall": 0.9292567259461925,
  "best_validation_f1": 0.9225928541677485,
  "best_validation_loss": 0.30619137386480966
}