{
  "best_epoch": 5,
  "peak_cpu_memory_MB": 3265.876,
  "peak_gpu_0_memory_MB": 8241,
  "peak_gpu_1_memory_MB": 6500,
  "training_duration": "0:01:54.712711",
  "training_start_epoch": 0,
  "training_epochs": 5,
  "epoch": 5,
  "training_precision": 0.8890272616696239,
  "training_recall": 0.9070233961404907,
  "training_f1": 0.8979351697398176,
  "training_loss": 0.21932355429471276,
  "training_cpu_memory_MB": 3265.876,
  "training_gpu_0_memory_MB": 8241,
  "training_gpu_1_memory_MB": 6500,
  "validation_precision": 0.8881180546182571,
  "validation_recall": 0.9001459188326494,
  "validation_f1": 0.8940915370155987,
  "validation_loss": 0.278583470483621,
  "best_validation_precision": 0.8881180546182571,
  "best_validation_recall": 0.9001459188326494,
  "best_validation_f1": 0.8940915370155987,
  "best_validation_loss": 0.278583470483621
}