{
  "best_epoch": 12,
  "peak_cpu_memory_MB": 3278.76,
  "peak_gpu_0_memory_MB": 10,
  "peak_gpu_1_memory_MB": 1599,
  "training_duration": "0:01:43.404230",
  "training_start_epoch": 0,
  "training_epochs": 12,
  "epoch": 12,
  "training_precision": 0.9301486711568983,
  "training_recall": 0.9441429953890818,
  "training_f1": 0.9370935892401112,
  "training_loss": 0.10822723421111029,
  "training_cpu_memory_MB": 3278.76,
  "training_gpu_0_memory_MB": 10,
  "training_gpu_1_memory_MB": 1599,
  "validation_precision": 0.9042592211556526,
  "validation_recall": 0.9218331053351573,
  "validation_f1": 0.9129615997759524,
  "validation_loss": 0.2585518901546796,
  "best_validation_precision": 0.9042592211556526,
  "best_validation_recall": 0.9218331053351573,
  "best_validation_f1": 0.9129615997759524,
  "best_validation_loss": 0.2585518901546796
}