{
  "best_epoch": 17,
  "peak_cpu_memory_MB": 3278.776,
  "peak_gpu_0_memory_MB": 10,
  "peak_gpu_1_memory_MB": 1599,
  "training_duration": "0:02:20.676778",
  "training_start_epoch": 0,
  "training_epochs": 17,
  "epoch": 17,
  "training_precision": 0.9481183892886096,
  "training_recall": 0.9600148004781693,
  "training_f1": 0.9540295103129462,
  "training_loss": 0.07020313691476229,
  "training_cpu_memory_MB": 3278.776,
  "training_gpu_0_memory_MB": 10,
  "training_gpu_1_memory_MB": 1599,
  "validation_precision": 0.9118512933742617,
  "validation_recall": 0.9265207478340173,
  "validation_f1": 0.9191274924908123,
  "validation_loss": 0.2734703759352366,
  "best_validation_precision": 0.9118512933742617,
  "best_validation_recall": 0.9265207478340173,
  "best_validation_f1": 0.9191274924908123,
  "best_validation_loss": 0.2734703759352366
}