{
  "best_epoch": 2,
  "peak_cpu_memory_MB": 3277.66,
  "peak_gpu_0_memory_MB": 10,
  "peak_gpu_1_memory_MB": 1599,
  "training_duration": "0:00:26.479316",
  "training_start_epoch": 0,
  "training_epochs": 2,
  "epoch": 2,
  "training_precision": 0.8479569878100941,
  "training_recall": 0.8667262480787841,
  "training_f1": 0.8572388919353922,
  "training_loss": 0.3384128266278608,
  "training_cpu_memory_MB": 3277.66,
  "training_gpu_0_memory_MB": 10,
  "training_gpu_1_memory_MB": 1599,
  "validation_precision": 0.8547160016468861,
  "validation_recall": 0.8708983128134975,
  "validation_f1": 0.8627312807169202,
  "validation_loss": 0.3419972211122513,
  "best_validation_precision": 0.8547160016468861,
  "best_validation_recall": 0.8708983128134975,
  "best_validation_f1": 0.8627312807169202,
  "best_validation_loss": 0.3419972211122513
}