{
  "best_epoch": 22,
  "peak_cpu_memory_MB": 3265.912,
  "peak_gpu_0_memory_MB": 8241,
  "peak_gpu_1_memory_MB": 7529,
  "training_duration": "0:07:00.681234",
  "training_start_epoch": 0,
  "training_epochs": 26,
  "epoch": 26,
  "training_precision": 0.9715386725271153,
  "training_recall": 0.9799328285990778,
  "training_f1": 0.9757176970439151,
  "training_loss": 0.03271498120775056,
  "training_cpu_memory_MB": 3265.912,
  "training_gpu_0_memory_MB": 8241,
  "training_gpu_1_memory_MB": 3165,
  "validation_precision": 0.9099109569446431,
  "validation_recall": 0.9282170542635659,
  "validation_f1": 0.918972849493869,
  "validation_loss": 0.3443560456236204,
  "best_validation_precision": 0.9160238775913839,
  "best_validation_recall": 0.9292567259461925,
  "best_validation_f1": 0.9225928541677485,
  "best_validation_loss": 0.30619137386480966
}