{
  "best_epoch": 22,
  "peak_cpu_memory_MB": 3265.916,
  "peak_gpu_0_memory_MB": 8241,
  "peak_gpu_1_memory_MB": 7529,
  "training_duration": "0:07:41.523748",
  "training_start_epoch": 0,
  "training_epochs": 29,
  "epoch": 29,
  "training_precision": 0.9804810921897209,
  "training_recall": 0.9864040530540218,
  "training_f1": 0.9834336545959049,
  "training_loss": 0.021345106041903986,
  "training_cpu_memory_MB": 3265.916,
  "training_gpu_0_memory_MB": 8241,
  "training_gpu_1_memory_MB": 3469,
  "validation_precision": 0.9168122939449078,
  "validation_recall": 0.9282170542635659,
  "validation_f1": 0.9224794257331914,
  "validation_loss": 0.3831984207034111,
  "best_validation_precision": 0.9160238775913839,
  "best_validation_recall": 0.9292567259461925,
  "best_validation_f1": 0.9225928541677485,
  "best_validation_loss": 0.30619137386480966
}