{
  "best_epoch": 4,
  "peak_cpu_memory_MB": 3265.876,
  "peak_gpu_0_memory_MB": 8241,
  "peak_gpu_1_memory_MB": 6500,
  "training_duration": "0:01:31.663760",
  "training_start_epoch": 0,
  "training_epochs": 4,
  "epoch": 4,
  "training_precision": 0.8783135726611584,
  "training_recall": 0.8970307963795754,
  "training_f1": 0.8875735178982704,
  "training_loss": 0.2506439529757931,
  "training_cpu_memory_MB": 3265.876,
  "training_gpu_0_memory_MB": 8241,
  "training_gpu_1_memory_MB": 6500,
  "validation_precision": 0.8723827275551413,
  "validation_recall": 0.8963702690378477,
  "validation_f1": 0.8842138407214487,
  "validation_loss": 0.2927909592787425,
  "best_validation_precision": 0.8723827275551413,
  "best_validation_recall": 0.8963702690378477,
  "best_validation_f1": 0.8842138407214487,
  "best_validation_loss": 0.2927909592787425
}