{
  "best_epoch": 22,
  "peak_cpu_memory_MB": 3265.912,
  "peak_gpu_0_memory_MB": 8241,
  "peak_gpu_1_memory_MB": 7529,
  "training_duration": "0:06:47.133535",
  "training_start_epoch": 0,
  "training_epochs": 25,
  "epoch": 25,
  "training_precision": 0.9718110239777388,
  "training_recall": 0.979708544429897,
  "training_f1": 0.9757438041361576,
  "training_loss": 0.032667356434612584,
  "training_cpu_memory_MB": 3265.912,
  "training_gpu_0_memory_MB": 8241,
  "training_gpu_1_memory_MB": 2638,
  "validation_precision": 0.9124703897781925,
  "validation_recall": 0.9274327405380757,
  "validation_f1": 0.9198907271887985,
  "validation_loss": 0.33777070144812266,
  "best_validation_precision": 0.9160238775913839,
  "best_validation_recall": 0.9292567259461925,
  "best_validation_f1": 0.9225928541677485,
  "best_validation_loss": 0.30619137386480966
}