{
  "best_epoch": 7,
  "peak_cpu_memory_MB": 3278.028,
  "peak_gpu_0_memory_MB": 10,
  "peak_gpu_1_memory_MB": 1599,
  "training_duration": "0:01:05.554674",
  "training_start_epoch": 0,
  "training_epochs": 7,
  "epoch": 7,
  "training_precision": 0.9036921725584155,
  "training_recall": 0.9206569135310525,
  "training_f1": 0.9120956649290692,
  "training_loss": 0.17583475172243737,
  "training_cpu_memory_MB": 3278.028,
  "training_gpu_0_memory_MB": 10,
  "training_gpu_1_memory_MB": 1599,
  "validation_precision": 0.8943432475379077,
  "validation_recall": 0.9085271317829458,
  "validation_f1": 0.9013793945864258,
  "validation_loss": 0.2654356489578883,
  "best_validation_precision": 0.8943432475379077,
  "best_validation_recall": 0.9085271317829458,
  "best_validation_f1": 0.9013793945864258,
  "best_validation_loss": 0.2654356489578883
}