{
  "best_epoch": 9,
  "peak_cpu_memory_MB": 3265.876,
  "peak_gpu_0_memory_MB": 8241,
  "peak_gpu_1_memory_MB": 7529,
  "training_duration": "0:03:15.157835",
  "training_start_epoch": 0,
  "training_epochs": 9,
  "epoch": 9,
  "training_precision": 0.9155236216858785,
  "training_recall": 0.9311834690043832,
  "training_f1": 0.9232871485625929,
  "training_loss": 0.14335814012413836,
  "training_cpu_memory_MB": 3265.876,
  "training_gpu_0_memory_MB": 8241,
  "training_gpu_1_memory_MB": 4422,
  "validation_precision": 0.8963895211317892,
  "validation_recall": 0.9158869129046968,
  "validation_f1": 0.906033335588736,
  "validation_loss": 0.26084061016639076,
  "best_validation_precision": 0.8963895211317892,
  "best_validation_recall": 0.9158869129046968,
  "best_validation_f1": 0.906033335588736,
  "best_validation_loss": 0.26084061016639076
}