{
  "best_epoch": 22,
  "peak_cpu_memory_MB": 3265.916,
  "peak_gpu_0_memory_MB": 8241,
  "peak_gpu_1_memory_MB": 7529,
  "training_duration": "0:07:28.354283",
  "training_start_epoch": 0,
  "training_epochs": 28,
  "epoch": 28,
  "training_precision": 0.9777252631697968,
  "training_recall": 0.9844708829054477,
  "training_f1": 0.9810864780230502,
  "training_loss": 0.024715857718637168,
  "training_cpu_memory_MB": 3265.916,
  "training_gpu_0_memory_MB": 8241,
  "training_gpu_1_memory_MB": 3469,
  "validation_precision": 0.9125228132950939,
  "validation_recall": 0.9256634746922024,
  "validation_f1": 0.9190461746023342,
  "validation_loss": 0.3601842030882835,
  "best_validation_precision": 0.9160238775913839,
  "best_validation_recall": 0.9292567259461925,
  "best_validation_f1": 0.9225928541677485,
  "best_validation_loss": 0.30619137386480966
}