{
  "best_epoch": 13,
  "peak_cpu_memory_MB": 3265.876,
  "peak_gpu_0_memory_MB": 8241,
  "peak_gpu_1_memory_MB": 7529,
  "training_duration": "0:04:11.861297",
  "training_start_epoch": 0,
  "training_epochs": 13,
  "epoch": 13,
  "training_precision": 0.9334783423206747,
  "training_recall": 0.9473888541014402,
  "training_f1": 0.9403821585510542,
  "training_loss": 0.09888831830349724,
  "training_cpu_memory_MB": 3265.876,
  "training_gpu_0_memory_MB": 8241,
  "training_gpu_1_memory_MB": 2638,
  "validation_precision": 0.9099032687259521,
  "validation_recall": 0.9230642954856361,
  "validation_f1": 0.9164365328721104,
  "validation_loss": 0.26034088134765626,
  "best_validation_precision": 0.9099032687259521,
  "best_validation_recall": 0.9230642954856361,
  "best_validation_f1": 0.9164365328721104,
  "best_validation_loss": 0.26034088134765626
}