{
  "best_epoch": 10,
  "peak_cpu_memory_MB": 3265.876,
  "peak_gpu_0_memory_MB": 8241,
  "peak_gpu_1_memory_MB": 7529,
  "training_duration": "0:03:31.461303",
  "training_start_epoch": 0,
  "training_epochs": 10,
  "epoch": 10,
  "training_precision": 0.9203881472621036,
  "training_recall": 0.9355894575055502,
  "training_f1": 0.9279265495223943,
  "training_loss": 0.1293756777091036,
  "training_cpu_memory_MB": 3265.876,
  "training_gpu_0_memory_MB": 8241,
  "training_gpu_1_memory_MB": 3591,
  "validation_precision": 0.901092412164157,
  "validation_recall": 0.9185225718194254,
  "validation_f1": 0.9097240099177085,
  "validation_loss": 0.25990091264247894,
  "best_validation_precision": 0.901092412164157,
  "best_validation_recall": 0.9185225718194254,
  "best_validation_f1": 0.9097240099177085,
  "best_validation_loss": 0.25990091264247894
}