{
  "best_epoch": 5,
  "peak_cpu_memory_MB": 3265.876,
  "peak_gpu_0_memory_MB": 8241,
  "peak_gpu_1_memory_MB": 6536,
  "training_duration": "0:02:19.997620",
  "training_start_epoch": 0,
  "training_epochs": 6,
  "epoch": 6,
  "training_precision": 0.8972899719914242,
  "training_recall": 0.914383787783913,
  "training_f1": 0.9057562366325154,
  "training_loss": 0.19557696759486148,
  "training_cpu_memory_MB": 3265.876,
  "training_gpu_0_memory_MB": 8241,
  "training_gpu_1_memory_MB": 6536,
  "validation_precision": 0.8802837482398576,
  "validation_recall": 0.9065116279069767,
  "validation_f1": 0.893205192144338,
  "validation_loss": 0.2691661780079206,
  "best_validation_precision": 0.8881180546182571,
  "best_validation_recall": 0.9001459188326494,
  "best_validation_f1": 0.8940915370155987,
  "best_validation_loss": 0.278583470483621
}